<ImportExportXml xmlns:xsi="http://www.w3.org/2001/XMLSchema-instance">
  <Entities></Entities>
  <Roles></Roles>
  <Workflows></Workflows>
  <FieldSecurityProfiles></FieldSecurityProfiles>
  <Templates />
  <EntityMaps />
  <EntityRelationships />
  <OrganizationSettings />
  <optionsets />
  <CustomControls>
    <CustomControl>
      <Name>cdt_InputFieldNumberColorChange.InputFieldNumberToChange</Name>
      <FileName>/Controls/cdt_InputFieldNumberColorChange.InputFieldNumberToChange/ControlManifest.xml</FileName>
    </CustomControl>
    <CustomControl>
      <Name>cdt_InputFieldColorChange.InputFieldToChange</Name>
      <FileName>/Controls/cdt_InputFieldColorChange.InputFieldToChange/ControlManifest.xml</FileName>
    </CustomControl>
    <CustomControl>
      <Name>cdt_InputDecimalFieldColorChange.InputFieldDecimalToChange</Name>
      <FileName>/Controls/cdt_InputDecimalFieldColorChange.InputFieldDecimalToChange/ControlManifest.xml</FileName>
    </CustomControl>
    <CustomControl>
      <Name>cdt_MultilineColorChange.MultilineColorChange</Name>
      <FileName>/Controls/cdt_MultilineColorChange.MultilineColorChange/ControlManifest.xml</FileName>
    </CustomControl>
    <CustomControl>
      <Name>cdt_InputDateFieldColorChange.InputDateFieldToChange</Name>
      <FileName>/Controls/cdt_InputDateFieldColorChange.InputDateFieldToChange/ControlManifest.xml</FileName>
    </CustomControl>
  </CustomControls>
  <EntityDataProviders />
  <Languages>
    <Language>1031</Language>
  </Languages>
</ImportExportXml>