<manifest><control namespace="MultilineColorChange" constructor="MultilineColorChange" version="0.0.28" display-name-key="cdt_InputMultilineFieldColorChange" description-key="MultilineColorChange description" control-type="standard" api-version="1.3.11"><type-group name="_text"><type>SingleLine.TextArea</type><type>Multiple</type></type-group><property name="InputFieldToChange" display-name-key="InputFieldToChange_Display_Key" description-key="Change Background Colour" of-type-group="_text" usage="bound" required="true" /><property name="ColorInRGB" display-name-key="ColorInRGB_Display_Key" description-key="Enter Color in rgb(zzz,yyy,xxx)" of-type="SingleLine.Text" usage="input" required="true" /><property name="HeightInLines" display-name-key="HeightInLines_Display_Key" description-key="Enter the Height of the Textfield in Number of Lines you need. It will be scrollable if you have more Lines than defined." of-type="SingleLine.Text" usage="input" required="true" /><resources><code path="bundle.js" order="1" /><css path="styles.css" order="1" /></resources><built-by name="pac" version="1.31.2" /></control></manifest>